"Word","Valence","AbsV","SentimentScore","AbsSent","PosDiff","PosScore","NegScore","ValMax","DominantModality"
"abrasive",5.39811320754717,0.84370062169913,0.194851851851852,0.486741903942776,-0.0104542966590155,0.0419908003610226,0.052445097020038,0.0767883435531516,"Haptic"
"absorbent",5.87666666666667,0.886794226853516,0.147041666666667,0.517712259140202,0.0296481222251648,0.0554757112327621,0.0258275890075973,0.0616132374522421,"Visual"
"aching",5.23336956521739,1.18783429673952,0.0540229885057471,0.581149966777959,-0.0769997744475674,0.0515293573100119,0.128529131757579,0.146107633293419,"Haptic"
"acidic",5.53959183673469,1.0944267014747,0.140979166666667,0.550524759140202,-0.0139293574630718,0.0412621441954218,0.0551915016584936,0.0707211129428219,"Gustatory"
"acrid",5.17394736842105,1.19860311666698,0.27927027027027,0.752406678640066,-0.0346375319891738,0.0593728494558463,0.0940103814450201,0.117517101863456,"Olfactory"
"adhesive",5.24,0.704821555962595,0.191047619047619,0.427764895852852,0.0141822725181654,0.0459842173055612,0.0318019447873957,0.0642033121637875,"Haptic"
"alcoholic",5.55722772277228,1.29720459081481,0.319635416666667,0.589180027688485,-0.0608896901920031,0.0400307722478498,0.100920462439853,0.120263339988535,"Gustatory"
"alive",6.04095238095238,1.15744753007204,-0.0813787878787879,0.436801602736896,-0.00870376518553463,0.0285970590914448,0.0373008242769794,0.0483980117501331,"Visual"
"amber",5.72054945054945,0.988723150367419,0.509806818181818,0.67947304692158,-0.00807291740818675,0.0345133983331841,0.0425863157413709,0.0559334020983727,"Visual"
"angular",5.47761589403973,0.771201857065009,0.0829930555555556,0.503799919713401,-0.0147387181215781,0.0239765938177651,0.0387153119393432,0.049762795608447,"Visual"
"antiseptic",5.51179487179487,1.03493066880419,0.0822564102564103,0.634669082547817,0.00318383832127807,0.0403651745326181,0.03718133621134,0.0617173772087976,"Olfactory"
"aromatic",5.95294117647059,1.15309904673332,0.528716417910448,0.638933107559801,-0.0194487316355504,0.0399306813909869,0.0593794130265372,0.0777894548836274,"Olfactory"
"astringent",5.965,1.18492245777937,0.409052631578947,0.842423532088549,0.00588963764499372,0.0720194034389713,0.0661297657939775,0.100598493996721,"Gustatory"
"audible",5.35128378378378,1.05264534189238,-0.0206595744680851,0.558118005856511,-0.0388974795567133,0.0485377638726731,0.0874352434293864,0.106181713179155,"Auditory"
"banging",5.70666666666667,1.17205102407474,0.247222222222222,0.318783012186936,-0.0210022105620429,0.0516851010334242,0.0726873115954671,0.0839893949288004,"Auditory"
"barbecued",6.05277777777778,1.24021315926059,0.645368421052632,0.917268943294333,-0.0155525853032778,0.0220400972360272,0.037592682539305,0.0406699222071019,"Gustatory"
"barking",5.69631578947368,1.21174060555629,0.240058823529412,0.618296888804849,-0.0205382432569932,0.0560356871294371,0.0765739303864304,0.0857918536668537,"Auditory"
"beautiful",5.8190574929312,1.09407403235546,0.30241619047619,0.60969641892516,-0.00454930125809413,0.0343350006188194,0.0388843018769135,0.0570534738708307,"Visual"
"beeping",4.898,0.681538771110313,-0.0416,0.407190578063515,-0.016861804772989,0.0184952116695538,0.0353570164425427,0.0401189212044475,"Auditory"
"beery",6.07214285714286,1.71137318412813,0.300266666666667,0.859998953118168,0.00966720002535945,0.099911336489254,0.0902441364638945,0.147483955468419,"Gustatory"
"beige",5.58579439252336,0.775966532451701,0.250476635514019,0.501792237926601,-0.00581731244044509,0.0215588733007294,0.0273761857411745,0.0366415349028322,"Visual"
"bent",5.38230769230769,0.64493469692363,0.148606299212598,0.410828379070529,-0.00180884041207894,0.0350487375755173,0.0368575779875962,0.0511534250059994,"Visual"
"big",5.27996233521657,1.0102750592953,0.0731296018031555,0.630690463944281,-0.015937411060622,0.0323184220332509,0.0482558330938729,0.0636983276720709,"Visual"
"bitter",5.12443324937028,1.29543291719879,-0.0885360824742268,0.712386112271315,-0.034443196369859,0.0481122444021075,0.0825554407719665,0.100617065574972,"Gustatory"
"black",5.31412401574803,0.946227064064441,0.0825605158730159,0.654928223054449,-0.0131776741340797,0.0305719804947365,0.0437496546288161,0.058272221331731,"Visual"
"bland",5.75228571428571,1.03038785825505,0.230095238095238,0.720230814746782,-0.00191804717915531,0.0516128083439628,0.0535308555231181,0.0837972089266828,"Gustatory"
"blaring",5.27555555555556,1.12179478580269,-0.285444444444444,0.926338567742492,-0.00866725768321512,0.0195972996172464,0.0282645573004616,0.0355793721152764,"Auditory"
"bleeping",5.12,0.838717690741406,-0.075,0.200338567742492,0.00161562645551926,0.0307260130414532,0.0291103865859339,0.0340445971122496,"Auditory"
"blonde",5.52385093167702,1.08095050472813,0.196423312883436,0.541344810686854,-0.0152066931118081,0.0347204031623372,0.0499270962741453,0.0647926614697088,"Visual"
"bloody",5.06292220113852,1.14708935997289,0.0674573643410853,0.614764539735037,-0.0193037450786071,0.0328008215897249,0.052104566668332,0.0645459466335464,"Visual"
"blotchy",5.692,0.805691843334531,0.0684,0.163596859354505,-0.0610834777992797,0.0175576519916142,0.0786411297908939,0.0834185850400473,"Visual"
"blue",5.57398622047244,0.870116970724958,0.301590420332356,0.591372228234975,-0.00994671162244066,0.0280898654798207,0.0380365771022614,0.0516939908092318,"Visual"
"blunt",5.22574074074074,0.940279922634336,-0.14087012987013,0.569555790364192,-0.0181845040325426,0.0423875547675679,0.0605720588001105,0.0818809469927936,"Haptic"
"boiling",5.46714285714286,0.968486549024098,0.44363829787234,0.710686865065842,-0.0185636967947203,0.0209374105477358,0.0395011073424561,0.0446860067933256,"Visual"
"booming",5.528,0.948262070131682,0.138475609756098,0.635381495830421,0.000341849828445489,0.0319697207473943,0.0316278709189488,0.0491893241948201,"Auditory"
"bouncy",6.13085714285714,1.17474665571583,0.225705882352941,0.432004618596316,0.002856168926733,0.0455762026602285,0.0427200337334955,0.0571532229187099,"Haptic"
"brackish",5.84636363636364,1.27846104596087,0.41875,0.891917975268956,-0.0205027709640005,0.0269644850077193,0.0474672559717198,0.0539089741647991,"Haptic"
"branching",5.61655172413793,0.733182623564251,0.0832857142857143,0.501002243318211,0.00799504239274153,0.0541701542037422,0.0461751118110007,0.0676573526012135,"Visual"
"breakable",5.77833333333333,0.715768714816146,0.3748,0.424009421936485,-0.00995652336169576,0.0636644062013521,0.0736209295630478,0.0967325880195339,"Visual"
"breezy",5.99328767123288,1.08025231468948,0.137514705882353,0.554991298292858,-0.0270544152440719,0.0490179353964644,0.0760723506405363,0.095208851909042,"Visual"
"bright",5.74475138121547,0.97536008083808,0.292201818181818,0.589536610252612,-0.00687372282917902,0.0361572207892033,0.0430309436183823,0.0597425548168512,"Visual"
"brilliant",5.72564453125,1.04030756349937,0.153002012072435,0.575518398052971,-0.000862908749532701,0.0415956175465834,0.0424585262961161,0.0657988545429053,"Visual"
"briny",5.85421052631579,1.41093072602455,0.601631578947368,0.860166986079064,-0.00265945905185572,0.0640182835587293,0.0666777426105851,0.107247918049182,"Gustatory"
"bristly",5.48793103448276,0.710079175288389,0.21075,0.394683058064993,-0.0196750091951004,0.0360950415777736,0.055770050772874,0.0717016864760983,"Haptic"
"brittle",5.68747368421053,0.98910086426991,0.12970652173913,0.53992561991603,-0.00644857252584858,0.0434975331450964,0.0499461056709449,0.0739435287147593,"Haptic"
"broad",5.50731595092025,0.90203481148692,0.0731750788643533,0.604878548895899,-0.0098082762635975,0.0384404127788087,0.0482486890424062,0.0672769706294792,"Visual"
"broken",5.54265567765568,0.833610530444523,0.210868471953578,0.539069317751672,-0.0080365113036099,0.0239351362658031,0.031971647569413,0.0415757486109017,"Visual"
"brown",5.4702786377709,0.905534344410836,0.212736600306279,0.565539474682977,-0.0111408160680913,0.0244987323531635,0.0356395484212548,0.0446742888160009,"Visual"
"bulky",5.424375,0.804525698116113,-0.0138333333333333,0.509406535005881,-0.0167044584125747,0.0214935137256117,0.0381979721381864,0.0469145616738589,"Visual"
"bumpy",5.56672727272727,0.779691843334531,0.411571428571429,0.459580962673824,-0.00993489778219294,0.0263337678438713,0.0362686656260643,0.0458716225164824,"Haptic"
"burning",5.28429928741093,1.02370893181626,0.191967418546366,0.557674709645402,-0.0274256332223097,0.0311553535585542,0.0585809867808639,0.0676499750532294,"Olfactory"
"burnt",5.6880612244898,1.06743294932058,0.395278350515464,0.671138715397905,-0.00858367448561253,0.025089389052199,0.0336730635378115,0.0423232975331388,"Olfactory"
"bursting",5.03066666666667,0.69789728111151,0.158214285714286,0.374645100461068,0.000166488487687957,0.022808126664181,0.022641638176493,0.0371473683531791,"Visual"
"buttery",5.9815873015873,1.13737431913717,0.710060606060606,0.777586702249452,-0.00617762845816815,0.0431278021384734,0.0493054305966416,0.072984176710668,"Gustatory"
"buzzing",5.30418604651163,1.02413218126666,0.1234,0.529800348960611,-0.0300224397415077,0.0205769907795035,0.0505994305210112,0.0580461276416214,"Auditory"
"charred",5.44523364485981,0.932745856854534,0.07051,0.617491570322747,-0.0256813321122235,0.0218493296067993,0.0475306617190228,0.0525985553411026,"Visual"
"cheesy",5.71293103448276,1.05019845862193,-0.0235535714285714,0.776446989400981,-0.0172848797367773,0.0355059106561316,0.0527907903929088,0.0687772774766055,"Gustatory"
"chewy",6.03166666666667,1.1953585100012,0.844375,0.862762758872323,0.00391274253796376,0.045512334994966,0.0415995924570023,0.0703338798055038,"Gustatory"
"chilly",5.646640625,1.1121450940981,0.354584745762712,0.63891263510177,-0.0149250505703079,0.0462957345342341,0.061220785104542,0.0836132456898434,"Haptic"
"chubby",5.797,1.12878408911247,0.11331914893617,0.484297538229203,-0.0193343142572319,0.0273369213885258,0.0466712356457577,0.0547417439037786,"Visual"
"circular",5.50090909090909,0.806298706683184,0.236855123674912,0.573049099236629,-0.00880534381375544,0.0278482414728723,0.0366535852866278,0.0503814025726736,"Visual"
"citrusy",6.39416666666667,1.40429422685352,0.767166666666667,1.06850785161374,0.0472213955026455,0.104284887566138,0.0570634920634921,0.125780423280423,"Gustatory"
"clammy",5.37971428571429,0.887076679841897,0.249882352941176,0.549476130550874,-0.0240688732496802,0.0513823154640365,0.0754511887137167,0.0961081208418134,"Haptic"
"clamorous",5.48588235294118,1.15135714738644,0.316588235294118,0.538949489943957,-0.00829594856320508,0.0436596473114427,0.0519555958746477,0.0704306329483007,"Haptic"
"clean",5.51952198852772,0.92811260115877,0.123771203155819,0.500923913189629,-0.00848650421001578,0.0305159066527866,0.0390024108628023,0.0527690519838236,"Visual"
"clear",5.44110159118727,0.985005812084297,-0.00771500630517024,0.613408865752653,-0.0139818193640022,0.0442034606948701,0.0581852800588723,0.0792636120354416,"Visual"
"cloudy",5.80282051282051,1.01891471111234,0.382493333333333,0.547138567742492,-0.0268232648513214,0.0384857297100397,0.0653089945613611,0.0754652556008311,"Visual"
"cloying",5.88222222222222,1.26321882860223,0.277192307692308,0.798193515632883,0.0335448235297237,0.0850887451071275,0.0515439215774038,0.102275376746884,"Gustatory"
"cold",5.44107279693487,1.06014217042076,0.289351105331599,0.65307915954568,-0.0252812261229181,0.0346006408516776,0.0598818669745957,0.0739815283196634,"Haptic"
"colorful",5.73311224489796,0.899834659411735,0.172562659846547,0.547751810477944,-0.00430378610995711,0.0314107522664616,0.0357145383764187,0.0527299666856499,"Visual"
"colossal",4.80958620689655,1.17287002118775,-0.147886524822695,0.695813041317504,-0.0332493247840896,0.0426347409266705,0.07588406571076,0.0962339284045899,"Visual"
"compact",5.61084033613445,0.739411341971212,0.187937777777778,0.458038835785295,0.000742463174482472,0.0332086588705216,0.0324661956960391,0.0506136257638241,"Visual"
"conical",5.31589743589744,0.743648617522135,0.114947368421053,0.420424358574205,-0.0210139125871778,0.0228307289069806,0.0438446414941583,0.0492062483970417,"Visual"
"contoured",5.27380952380952,0.563589411905618,-0.0285909090909091,0.387494289735464,0.011186072738319,0.0492886651510077,0.0381025924126887,0.0630483451342594,"Visual"
"cooing",5.44625,1.22778826805605,0.239125,0.815128925806869,-0.0310876394860769,0.0163436559920935,0.0474312954781704,0.0526396288115038,"Auditory"
"cool",5.73341013824885,1.02803456800754,0.25230407523511,0.576385447952589,-0.0127806896070009,0.0373755694615679,0.0501562590685687,0.0657965171831317,"Haptic"
"crackling",5.40630434782609,0.927474714493274,0.442822222222222,0.649450376774824,-0.0167725451351225,0.0400920543502954,0.0568645994854179,0.0737747670425433,"Auditory"
"craggy",5.61386363636364,0.836940172475746,0.405756097560976,0.510248881511151,-0.0233175749521391,0.0196235254080025,0.0429411003601416,0.0505059104351561,"Visual"
"crashing",5.43194444444444,1.14211508364275,0.257647058823529,0.536945795066904,-0.0397874813929673,0.0299317913845101,0.0697192727774774,0.0759956006163052,"Visual"
"creaking",5.258,0.758856855397567,0.0579393939393939,0.510667142522045,-0.00310576071466414,0.0258232918287165,0.0289290525433806,0.0485120829709568,"Auditory"
"creamy",5.91521126760563,0.969966952270576,0.596403973509934,0.759087893784275,-0.0046563691210219,0.0390355363475205,0.0436919054685424,0.0615883359336355,"Gustatory"
"creased",5.63833333333333,0.775512476544097,0.4309,0.564307851613738,-0.00976780559777333,0.0239348197877361,0.0337026253855094,0.0406438815686793,"Visual"
"crimson",5.70176870748299,0.990669379933073,0.442277777777778,0.64900545250954,-0.00704724015392186,0.0279947643613639,0.0350420045152858,0.0444148314965595,"Visual"
"crinkled",5.62125,0.686345670140137,0.0515333333333333,0.471932286451502,0.00878715808503164,0.0475228485212043,0.0387356904361727,0.0722060497337378,"Visual"
"crisp",5.79248520710059,0.992061412591665,0.416251428571429,0.708759579945263,-0.000945510401513611,0.0398373491055773,0.0407828595070909,0.0623211748449918,"Haptic"
"crooked",5.55424657534247,0.86458345433872,0.119426573426573,0.540757331198056,-0.00889193912554711,0.0265248912937596,0.0354168304193067,0.045493192739798,"Visual"
"crowded",5.49103448275862,0.859884710537293,0.260286821705426,0.506067006452143,-0.00826931229680452,0.023272033005369,0.0315413453021735,0.0405419146873557,"Visual"
"crunching",5.56875,1.01432653611211,-0.498888888888889,0.994442699641392,-0.0900955662419466,0.0204188591285365,0.110514425370483,0.113407943889002,"Auditory"
"curly",5.79714285714286,0.908094758995945,0.377977777777778,0.595180918423273,-0.0225706349029145,0.0232197103211842,0.0457903452240987,0.0555000319437583,"Visual"
"curved",5.40380681818182,0.681708608270996,0.302923076923077,0.49435939675557,-0.0065870173369577,0.0288884688062455,0.0354754861432032,0.049122355040445,"Visual"
"cute",5.94891891891892,1.08799325052685,0.069875,0.440716278777501,-0.00631921647825319,0.0361596954988747,0.0424789119771279,0.0588918799104682,"Visual"
"damp",5.56331707317073,0.863320414011902,0.282775609756098,0.550488365508052,-0.0109217820239289,0.0360129498405259,0.0469347318644549,0.062887467159553,"Haptic"
"dank",5.30065573770492,1.08561141120268,0.294472727272727,0.683277580997583,-0.0363576825605384,0.0240401972701471,0.0603978798306855,0.0650007610248496,"Visual"
"dappled",6.32095238095238,1.46413849391715,0.466090909090909,0.657007137830671,0.00142980084003233,0.0546977467161732,0.0532679458761409,0.0895863423919058,"Visual"
"dark",5.51117395029991,0.993654001633741,0.261747614917606,0.585279711037542,-0.0179241932209587,0.0351999284085352,0.0531241216294939,0.0684634289851916,"Visual"
"dazzling",6.0021875,1.1096788986705,0.373535135135135,0.626189470898599,0.0142783876183007,0.0490391288983788,0.0347607412800781,0.0693345734778763,"Visual"
"dead",5.54028744326778,1.06940969567229,0.13192203898051,0.556985791923636,-0.00944328322221753,0.0298472477515726,0.0392905309737901,0.0529895897132022,"Visual"
"deafening",5.12878378378378,0.946372036787057,0.186716417910448,0.600361255850107,-0.0295023856013321,0.0398056254412752,0.0693080110426072,0.0846346944239162,"Auditory"
"deep",5.27695852534562,1.1529756917824,0.0378590852904821,0.655029420104575,-0.0391283676205392,0.0524401078114355,0.0915684754319747,0.114647104489021,"Visual"
"delicious",5.82034482758621,1.24879001325783,0.393941176470588,0.700223481058737,-0.0177807720120588,0.0499235621374064,0.0677043341494652,0.0919113064295799,"Gustatory"
"dim",5.67071794871795,0.9117549517676,0.308666666666667,0.577072355760748,-0.0128408044756315,0.0379973045777582,0.0508381090533897,0.0673745838737097,"Visual"
"dirty",5.39674418604651,1.04164750176645,0.0951749347258486,0.514695869990879,-0.0140833617283244,0.0292869999003739,0.0433703616286983,0.052959733719413,"Visual"
"downy",5.87588235294118,1.15221669379214,0.4662,0.537807328172822,-0.00642770350293558,0.0294614340553049,0.0358891375582405,0.0472846780612031,"Visual"
"drab",5.70230769230769,0.942307176354607,0.171114285714286,0.498316529032496,-0.0026451289602074,0.0247784389468404,0.0274235679070478,0.0388051897558736,"Visual"
"dry",5.4696256684492,0.913745739186799,0.243444055944056,0.625744772750204,-0.019720873527368,0.0259456980063271,0.045666571533695,0.0539749136994346,"Haptic"
"dull",5.37775438596491,1.13000519444497,0.0923550724637681,0.55896536119699,-0.0336113678392532,0.0374736430003705,0.0710850108396237,0.0844273820741102,"Visual"
"dusty",5.49805642633229,0.848374420603372,0.216871287128713,0.545733259874788,-0.0141475841050097,0.027270513207226,0.0414180973122357,0.0511454839064978,"Visual"
"earthy",5.9436,1.27023021200144,0.379395833333333,0.765985382527542,0.0126123573461549,0.0769524090438524,0.0643400516976975,0.106586124048715,"Visual"
"echoing",5.22745454545455,1.0437760689903,0.108236363636364,0.46540085653968,-0.0500680565761229,0.02231276195797,0.0723808185340929,0.0789688288251107,"Auditory"
"eggy",6.436,1.77769184333453,1.07675,1.32775785161374,-0.0090482026143791,0.0116421568627451,0.0206903594771242,0.023468137254902,"Gustatory"
"elastic",5.4870652173913,0.8348742286241,-0.0285106382978723,0.557829787234043,-0.0213952106673373,0.0263169017560022,0.0477121124233395,0.0570575015244661,"Haptic"
"elegant",5.78393939393939,0.971478008875781,0.285729437229437,0.623574022623044,-0.00506664231831096,0.0336463332412805,0.0387129755595914,0.0553382440654986,"Visual"
"empty",5.50138166894665,0.87131610771476,0.242671490593343,0.592348223500707,-0.00403241140825234,0.0298190835061033,0.0338514949143557,0.0489345566075956,"Visual"
"enormous",5.30830769230769,1.10687256972277,0.0122276830491474,0.646293771391582,-0.0132559784266753,0.0521031631212261,0.0653591415479014,0.0909830417534422,"Visual"
"faint",5.39580858085809,1.10708786609886,0.193757475083056,0.644357725045785,-0.0334781944060537,0.0471430740229627,0.0806212684290164,0.100901941344377,"Visual"
"falling",5.42992,0.970258207689544,0.17298347107438,0.542554108344483,-0.0144277197264619,0.0259059786455566,0.0403336983720184,0.0471449019348949,"Visual"
"fat",5.38068493150685,1.03681443317092,0.0453314285714286,0.629380683182767,-0.0142007641210565,0.0306311031952798,0.0448318673163363,0.0564585023033492,"Visual"
"fatty",5.36528301886792,0.945268198428464,0.203791666666667,0.693666666666667,0.00276584103029065,0.0453225604442414,0.0425567194139507,0.065821279526515,"Gustatory"
"fetid",5.21060606060606,1.23487167760973,-0.0602941176470588,0.840940252751325,-0.0427835945942875,0.0249445867281369,0.0677281813224243,0.0720954272816043,"Olfactory"
"feverish",5.6364,1.14583041322314,0.180381443298969,0.502096183172959,0.00185854167875163,0.0749235122812335,0.0730649706024818,0.114010270259608,"Haptic"
"filthy",5.32619883040936,1.02545632316508,0.107319277108434,0.555008294442527,-0.0151233739764226,0.0254215110390606,0.0405448850154833,0.0479459372128715,"Visual"
"fishy",5.7956,1.15883021200144,0.143425925925926,0.649982063082499,-0.0132815398000585,0.0403685574019002,0.0536500972019587,0.0743366905377818,"Olfactory"
"flaky",5.906,1.08210933730301,0.118486486486486,0.632595867829255,-0.00800071986913651,0.0343845112783068,0.0423852311474433,0.0616116776990573,"Haptic"
"flat",5.48552808988764,0.841512203708713,0.138405286343612,0.591208708711275,-0.0121012632727018,0.0300005493977048,0.0421018126704066,0.0534596006097532,"Visual"
"fleshy",5.60347222222222,0.875181129476584,0.1761,0.464273223225997,-0.0143323061366913,0.0352839674742828,0.0496162736109741,0.0633089189357653,"Visual"
"flickering",5.69185185185185,0.949068914884462,0.296746835443038,0.65925733883262,-0.0164635420972473,0.0504740657367862,0.0669376078340335,0.0914288275008584,"Visual"
"floppy",5.60125,0.742339292130794,0.211272727272727,0.420548309677723,-0.0081021271314185,0.0373036636130363,0.0454057907444548,0.0579156914673072,"Visual"
"floral",5.7833734939759,1.03043509431185,0.39433950617284,0.751000030904681,0.00803767090607131,0.0390567149336757,0.0310190440276044,0.056613032421773,"Visual"
"flowery",5.84980769230769,1.10945212692446,0.27892,0.625002512516396,-0.00836014235654142,0.0310706914320118,0.0394308337885532,0.0518489079933399,"Visual"
"fluffy",5.9419696969697,0.943600812291075,0.410217391304348,0.567992107153577,-0.00319729330097708,0.0248300344036083,0.0280273277045853,0.0383410923704328,"Haptic"
"foamy",5.39615384615385,1.18832313404645,0.335842105263158,0.770318268930654,-0.0159663123715856,0.0309259764391589,0.0468922888107446,0.0540148454186195,"Visual"
"foggy",5.67328358208955,0.909850295772306,0.425439393939394,0.629839995308626,-0.0207505767085581,0.0325123290290795,0.0532629057376376,0.0624166800246113,"Visual"
"forked",5.738125,0.857211103126123,0.3503,0.544639614624323,-0.0118694871353044,0.0275640040304756,0.0394334911657801,0.0478904903057381,"Visual"
"fragrant",5.86054545454545,1.17216735373861,0.637763636363636,0.796209992962939,-0.0297342678164727,0.0233556889357849,0.0530899567522576,0.0603969571650061,"Olfactory"
"freezing",5.46516483516483,0.920878789194995,0.107438202247191,0.527103417325361,-0.0208122352035599,0.0295080581120343,0.0503202933155942,0.0595912323621717,"Haptic"
"fresh",5.45364415862808,1.05800942100234,0.247532467532468,0.677849549364957,-0.0145696784589052,0.0366771245460237,0.0512468030049289,0.0681610875511532,"Olfactory"
"frosty",5.83578125,1.05044420364714,0.302692307692308,0.58118968873503,-0.00755219752793556,0.0352177678806658,0.0427699654086014,0.0594626969174925,"Visual"
"fruity",5.95838235294118,1.08019178415168,0.570310810810811,0.759777909678231,-0.0102127383393204,0.0466802364642732,0.0568929748035936,0.0792395784242826,"Gustatory"
"fuzzy",5.70317343173432,0.951345024416827,0.167674157303371,0.522680196351579,-0.00521421092629566,0.0367637176027961,0.0419779285290918,0.0600724671985278,"Visual"
"garlicky",5.97194444444444,1.21160204814948,0.610111111111111,0.797176263083457,-0.0192372250299704,0.0387954529732398,0.0580326780032102,0.0702413884104501,"Gustatory"
"gigantic",5.37998161764706,1.00901418406924,0.14768785046729,0.628786024697318,-0.00832210270903336,0.0319873946870602,0.0403094973960936,0.055370134340843,"Visual"
"giggling",5.80523809523809,1.31677600396968,0.0212,0.497596859354505,-0.00473176654959146,0.0452818663575714,0.0500136329071629,0.0708303764514924,"Auditory"
"glamorous",5.86799212598425,1.03138350389457,0.239468,0.495542512516396,-0.00294928938839463,0.03344706001851,0.0363963494069046,0.0526907723285441,"Visual"
"gleaming",5.56781538461538,0.861000852428204,0.29075625,0.560880201694101,-0.0143770246487618,0.0231030439627371,0.037480068611499,0.0475214354993034,"Visual"
"glistening",5.63619512195122,0.913354260624173,0.283289340101523,0.601567198231936,-0.00804378216874346,0.028843961243529,0.0368877434122725,0.049731817238307,"Visual"
"glittery",5.6079746835443,0.943952860268265,0.192556962025316,0.538710649734776,0.000287732235225676,0.031181178767797,0.0308934465325713,0.0479306885767411,"Visual"
"globular",5.59714285714286,0.69725219444587,0.0773,0.501095289031757,-0.00443615167166757,0.0292454154160728,0.0336815670877403,0.0467650509118398,"Visual"
"glossy",5.69556213017751,0.87090527228928,0.267028901734104,0.582871862838475,-0.00482567897923665,0.0308068097779663,0.0356324887572029,0.0500432393276136,"Visual"
"glowing",5.70763358778626,0.926597736712995,0.262279373368146,0.569102783761855,-0.0105949226662492,0.0332864468162771,0.0438813694825263,0.058032068145395,"Visual"
"gold",5.5105504587156,0.832349658971409,0.212587155963303,0.508773667594284,-0.00752363907969625,0.0279944329704771,0.0355180720501734,0.0500388983119475,"Visual"
"gooey",5.73195652173913,1.1428090112328,0.239909090909091,0.670343407331644,-0.0120014349646455,0.037974662576078,0.0499760975407235,0.0694637206588451,"Haptic"
"gorgeous",5.92110588235294,1.10473069180529,0.426390995260663,0.643675676869518,-0.0101741835127921,0.0263106031749064,0.0364847866876985,0.0478589354119359,"Visual"
"grainy",5.74157303370786,0.986248458740265,0.0854,0.59257917362022,-0.0122460665118193,0.0341390729846173,0.0463851394964366,0.0632091073509773,"Haptic"
"grassy",5.63860606060606,0.816969270135781,0.219238993710692,0.474903617853971,-0.0132873500710303,0.0243636781388756,0.0376510282099059,0.0463290317740391,"Visual"
"gray",5.37732694355698,0.879013424346892,0.269956942949408,0.584393368145121,-0.0146545116982742,0.0255165267520044,0.0401710384502785,0.0512658857094352,"Visual"
"greasy",5.46286885245902,0.986809304736603,0.209275423728814,0.567668315035864,-0.0139473893813446,0.0292052731332394,0.043152662514584,0.0533995226430694,"Haptic"
"green",5.52252051582649,0.918839048333564,0.229263521288838,0.637912524295996,-0.0084081758371551,0.0301925483495603,0.0386007241867154,0.0538219261176531,"Visual"
"gritty",5.71248888888889,1.06339787439614,0.246355855855856,0.537953987213395,-0.0160513047119132,0.0375574482183718,0.053608752930285,0.0686564671417429,"Haptic"
"groaning",5.3925,1.06969752579436,0.184928571428571,0.385146222120173,-0.029810557944414,0.0280682472726516,0.0578788052170655,0.0662277825781541,"Auditory"
"grotesque",5.15397435897436,1.22429635669557,-0.214844748858447,0.756568266607481,-0.0277092758330743,0.0518645708061182,0.0795738466391925,0.103730644802749,"Visual"
"growling",5.28382352941177,0.979162668301241,0.0499117647058824,0.529089159013381,-0.0097188774538891,0.0286024189825972,0.0383212964364863,0.0511912619720598,"Auditory"
"grubby",5.60217391304348,0.973087701208684,0.169742424242424,0.426079088563404,0.00111669788499177,0.0376828818505742,0.0365661839655825,0.0539273799672161,"Visual"
"gurgling",5.12162162162162,1.49070683978984,-0.169567567567568,0.781133013077368,-0.0469472892792221,0.0249231420918138,0.0718704313710359,0.0772027726408771,"Auditory"
"hairy",5.19574468085106,0.996947462175366,-0.0207165775401069,0.509164851681806,-0.0230429951789184,0.0341025913330426,0.057145586511961,0.0675430909406243,"Visual"
"handsome",5.71040152963671,0.990935015860431,0.14571098265896,0.537131908285463,-0.00381881904799165,0.0310416340857004,0.0348604531336921,0.0500126718322597,"Visual"
"happy",5.62856164383562,1.14190341555137,0.112581655480984,0.580655176012329,-0.0146710486583754,0.0439453221393117,0.0586163707976871,0.0792267858461688,"Visual"
"hard",5.44193488372093,0.979582547861184,0.110767955801105,0.558275558248801,-0.0103921257752334,0.0349584791558317,0.0453506049310651,0.0614840879116299,"Haptic"
"harsh",5.24968017057569,1.02297013009997,-0.0322643171806167,0.623418017962148,-0.0257275737235701,0.0422294991822387,0.0679570729058088,0.0861696978469019,"Auditory"
"hazy",5.745,1.06404055699959,0.384396103896104,0.666647139841259,-0.00877419682747365,0.0443982618374938,0.0531724586649674,0.0719269093605988,"Visual"
"heavy",5.20522711864407,0.93975368612094,0.0998545830461751,0.633693484191267,-0.0171713104380641,0.0306756850290669,0.047846995467131,0.0622177673900494,"Haptic"
"high",5.4366368286445,0.993667823366751,0.0509948186528497,0.678831266906336,-0.00626781324084045,0.0455517191869939,0.0518195324278343,0.0762816511452405,"Visual"
"hissing",5.35704918032787,0.999381903005955,0.253857142857143,0.684685281515908,-0.0144335121711648,0.0297957184681938,0.0442292306393585,0.0589251345142988,"Auditory"
"hoarse",5.39021739130435,1.22841127029012,-0.0565882352941176,0.696941484377009,-0.0484130049628539,0.0422715740663099,0.0906845790291638,0.107738842229976,"Auditory"
"hollow",5.44470443349754,0.933684833498245,0.134235897435897,0.517545683507253,-0.0146266785015082,0.0339419343589234,0.0485686128604316,0.0643285211037168,"Visual"
"honeyed",5.94041666666667,1.10160204814948,0.292130434782609,0.922658318654229,-0.0159234519344622,0.0469591405498835,0.0628825924843457,0.0849217086306624,"Gustatory"
"hot",5.52839871897518,0.999291429406551,0.264069476971116,0.631770057777811,-0.0159581921196453,0.0306575408410008,0.0466157329606461,0.0588084804631738,"Haptic"
"howling",4.93352272727273,1.2809703148989,0.104747126436782,0.695069507007844,-0.0549145572095035,0.0372499701663402,0.0921645273758437,0.0998237759418915,"Auditory"
"huge",5.26261925411969,1.00039812091689,0.0651234119782214,0.678684884807849,-0.0126035076718806,0.0354676664158724,0.048071174087753,0.0658658962449024,"Visual"
"humid",5.58616279069767,1.11083151860549,0.338202247191011,0.562118182095581,-0.027442208921628,0.0345286600912316,0.0619708690128596,0.0733879333826734,"Haptic"
"hushed",5.67201834862385,1.2479036746696,0.122443396226415,0.691862046013768,-0.0131280241045523,0.0576725963471785,0.0708006204517308,0.10592895395494,"Auditory"
"husky",5.60987654320988,1.12071189718884,0.137644736842105,0.453882818675853,-0.0375151052492972,0.0315602954036764,0.0690754006529736,0.0797061147041597,"Auditory"
"icy",5.43438202247191,1.01564189804067,0.339471698113208,0.716037537249415,-0.0195450447158823,0.0384048162270542,0.0579498609429365,0.0745217349478655,"Visual"
"immense",5.40532012195122,1.13966320670797,0.0441301587301587,0.664061264639118,-0.0245585211890624,0.0568325666416257,0.0813910878306881,0.108648709762642,"Visual"
"insipid",6.15522727272727,1.43187013686996,-0.1328,0.669553112831282,0.00359565234254343,0.0511220431573169,0.0475263908147734,0.0711795566394997,"Visual"
"itchy",5.22484848484848,1.0246385304718,0.14244776119403,0.460451276841972,-0.0505523060399497,0.0314760846450832,0.082028390685033,0.0895099980363783,"Haptic"
"jagged",5.30672897196262,0.84380288198374,0.246238805970149,0.538531347585081,-0.0122982836915079,0.028461066809311,0.0407593505008189,0.0508242511944621,"Haptic"
"jammy",5.51714285714286,1.41087901031775,0.192,0.636890633691942,-0.0126329642166182,0.0520644056451516,0.0646973698617699,0.0932804697683992,"Gustatory"
"jingling",5.798,1.24846122888969,0.6238,0.75820628129099,-0.033571029553581,0.0162580387551783,0.0498290683087594,0.0537219829625436,"Auditory"
"juicy",5.67464646464646,1.11723346290792,0.243393203883495,0.600307654744949,-0.00947564308162217,0.0388699883404674,0.0483456314220896,0.0662065789168393,"Gustatory"
"khaki",5.74491803278689,0.831512720675294,0.25284126984127,0.480498793446696,-0.00117506844803342,0.0270187537419448,0.0281938221899782,0.0397893916586958,"Visual"
"large",5.37169942669943,0.883640211439349,0.188187580853816,0.649644371278231,-0.00784593441255994,0.0261606404595618,0.0340065748721217,0.0473005231334671,"Visual"
"laughing",5.54265306122449,1.15593378163339,-0.0306363636363636,0.511461949950838,-0.00962931906009998,0.0424742609497457,0.0521035800098456,0.0713855476980493,"Auditory"
"leathery",5.64941176470588,0.746696286275919,0.337411764705882,0.524886971537493,-0.0198446503524809,0.0239549217222638,0.0437995720747446,0.0513006963218867,"Haptic"
"lemony",6.20177777777778,1.35512767197668,0.780625,0.914052789786128,-0.0131037016187626,0.0397822906115285,0.052885992230291,0.0678694725630495,"Gustatory"
"light",5.46128583128583,0.901889698276331,0.23066802278275,0.619650990346555,-0.00933180089559926,0.0328784426199621,0.0422102435155613,0.0579457079283351,"Visual"
"lilting",6.17125,1.29711480416816,0.5034,0.637672947957657,-0.0224481167233221,0.0284348638032028,0.0508829805265249,0.0606972542782987,"Visual"
"lithe",5.68090909090909,0.92455900434456,0.252862745098039,0.526514422517885,-0.000256639955882715,0.033784060516039,0.0340407004719217,0.0522930607875093,"Visual"
"little",5.24846045764753,1.00640395874303,0.0873865755127408,0.715857706644926,-0.0164845958930462,0.039902838230947,0.0563874341239931,0.0776194608903766,"Visual"
"long",5.28340647284696,0.923859871735159,0.134224957069262,0.633149650261487,-0.0156295931780218,0.0317223203433125,0.0473519135213343,0.0624281162750162,"Visual"
"loose",5.41971608832808,0.774770396197735,0.0651107491856678,0.579434708122465,-0.00896124207196095,0.0265561498468255,0.0355173919187865,0.0474266907951385,"Visual"
"loud",5.20856763925729,1.01770646526705,-0.00946560846560846,0.623614088957195,-0.0278793534783966,0.0348616860738419,0.0627410395522385,0.0760569328688475,"Auditory"
"low",5.38074107959744,0.946057894963507,0.0149587155963303,0.651570243409348,-0.0124318125558378,0.041567847655588,0.0539996602114258,0.0741602606652124,"Visual"
"lukewarm",6.00392405063291,1.17450775731498,0.3914125,0.741891818387556,0.00260538029384043,0.0434433633731354,0.040837983079295,0.0611265443845629,"Haptic"
"lumpy",5.75376,0.932042538268056,0.184432,0.494883391897135,-0.0202006309553664,0.0269992632765244,0.0471998942318908,0.0563812179251488,"Haptic"
"lush",5.97054545454545,1.04993646490053,0.354795348837209,0.66946231435928,-0.00321392795740917,0.0353895846765475,0.0386035126339566,0.0582553862477758,"Visual"
"malty",5.87,0.96725219444587,0.71625,1.34401177742061,0.0205063420128085,0.0491262322104713,0.0286198901976628,0.0644554880237498,"Gustatory"
"meaty",5.50274336283186,0.929706975664512,0.306575221238938,0.684809061833114,-0.0138532074313906,0.0307243306336874,0.044577538065078,0.0554479776013936,"Gustatory"
"medicinal",5.52871559633027,0.978404704842969,0.125419047619048,0.558867115330309,-0.00221734875728564,0.0541978524730299,0.0564152012303156,0.0852396343478469,"Visual"
"mellow",5.99729508196721,1.07328438470102,0.412645669291339,0.780162549860838,0.000748996235697999,0.0419562359264585,0.0412072396907605,0.0636002103544202,"Visual"
"melodious",5.94162790697674,1.30042881615122,0.319854166666667,0.648107438172391,-0.0164001527619649,0.0399971252842158,0.0563972780461807,0.0746587677022793,"Auditory"
"melted",5.52696629213483,0.962808649626343,0.368268817204301,0.742424926951685,-0.00818738483551372,0.0264896462952563,0.03467703113077,0.0457353854709305,"Visual"
"meowing",5.53,0.466153072224219,-0.609,0.672984296772525,0.0357142857142857,0.0535714285714286,0.0178571428571429,0.0535714285714286,"Auditory"
"mild",4.81497553017945,1.29948678266262,-0.0118855098389982,0.760007239909986,-0.074917821165583,0.0531266391165276,0.128044460282111,0.150396408838092,"Gustatory"
"miniature",5.61950782997763,0.974394723155367,0.375247058823529,0.668382271545208,-0.00227051142881204,0.0236817342950903,0.0259522457239024,0.0387438727602536,"Visual"
"minty",6.0748275862069,1.19480050057616,0.5178,0.750003140645495,-0.0216186033291476,0.0398829925858793,0.0615015959150269,0.0666223582117151,"Gustatory"
"misty",5.76805369127517,1.10054164425913,0.386066666666667,0.623565025032792,-0.0221560412030163,0.0420340392422832,0.0641900804452995,0.0793231521342732,"Visual"
"moaning",5.2115,0.889345921667266,-0.02215,0.499245289031757,-0.0224299022928225,0.0265180711893435,0.048947973482166,0.05871141133211,"Auditory"
"moist",5.59518018018018,1.02707170951044,0.324640552995392,0.625281635618206,-0.0218138108633924,0.0356652344579842,0.0574790453213766,0.0716201129580253,"Haptic"
"motionless",5.53311926605505,0.911799200255813,0.102981981981982,0.408316588549975,0.00226184015477641,0.0369252350814809,0.0346633949267045,0.0535329096463304,"Visual"
"mottled",5.61168539325843,0.938970999689124,0.17777380952381,0.498183058064993,-0.00607736806067898,0.0275009929445955,0.0335783610052745,0.0481502728816805,"Visual"
"muddy",5.31774193548387,0.897597765233619,0.152627586206897,0.538589672436408,-0.0232150007652823,0.0229711448799594,0.0461861456452417,0.0522045689572845,"Visual"
"muffled",5.11131944444444,1.14281505270092,0.0789929078014184,0.560651925417465,-0.0396484237746397,0.0388153678974215,0.0784637916720612,0.0934013002727285,"Auditory"
"muggy",6.27142857142857,1.24955977619219,0.616875,0.585261777420606,-0.0307060502415474,0.018894169890288,0.0496002201318353,0.0535064701318353,"Visual"
"mumbling",5.15384615384615,0.782781005555709,0.177416666666667,0.607583333333333,-0.0695171285220627,0.0285359898407199,0.0980531183627826,0.11129716598183,"Auditory"
"murky",5.51844897959184,0.988750067098345,0.159689361702128,0.596984782924008,-0.00436874030261687,0.0378430048636967,0.0422117451663135,0.0654609659083032,"Visual"
"murmuring",5.67730769230769,1.06754396196689,0.42872,0.533206909420089,-0.0211111487397465,0.0193198232633242,0.0404309720030707,0.0474654469772709,"Auditory"
"mushroomy",5.5,1.01369184333453,0.0712,0.244796859354505,-0.0586936090225564,0.0265742481203008,0.0852678571428572,0.0980028195488722,"Gustatory"
"mushy",5.55626865671642,0.867003201741919,0.128294117647059,0.555443485768746,-0.0140027234041618,0.0320766557649864,0.0460793791691482,0.060109147616814,"Haptic"
"musky",5.77675675675676,1.32742168183275,0.542472222222222,0.872534756989989,-0.0457509864357729,0.0448041957030071,0.09055518213878,0.0966098312855344,"Olfactory"
"musty",5.46828828828829,0.919022527378259,0.176432692307692,0.589609997022782,-0.020923727515601,0.0325212129611526,0.0534449404767536,0.0686685434039703,"Olfactory"
"mute",5.38052023121387,1.21678052752155,-0.0670058139534884,0.617864270517416,-0.0360473914683067,0.0609498276509964,0.0969972191193031,0.125932890181259,"Auditory"
"muttering",6.05666666666667,0.992819738890886,0.462,0.628507851613738,0.00309684684684685,0.0407552679798443,0.0376584211329974,0.0480750877996641,"Auditory"
"narrow",5.3956711409396,0.757001099677573,0.0899929161747344,0.577221873070155,-0.00491739157786308,0.0298735735603234,0.0347909651381865,0.0486879909521518,"Visual"
"noisy",5.36452830188679,1.05707836275888,0.130005524861878,0.583427756835038,-0.0154098027812803,0.0374878316123737,0.0528976343936541,0.0707729938664319,"Auditory"
"noxious",4.84903225806452,1.11061213434871,0.00199999999999999,0.677447373377731,-0.0230321954030413,0.0488783808926226,0.0719105762956639,0.092741498465589,"Olfactory"
"nutty",6.01333333333333,1.12875624371636,0.327776699029126,0.626130025055212,0.00628169529230732,0.0570024184730129,0.0507207231807056,0.0807080851764055,"Gustatory"
"odorous",5.36285714285714,1.06076919391544,0.153619047619048,0.520100472504396,-0.0275140061988209,0.0227149111943946,0.0502289173932154,0.0552884412027392,"Olfactory"
"oily",5.46878172588832,1.00021056049145,0.278619791666667,0.576499208199394,-0.0196882723366138,0.0344100031428146,0.0540982754794284,0.0695465214950873,"Visual"
"oniony",5.8725,1.49557653611211,0.463125,1.13337892580687,-0.0487354612354614,0.0552513177513178,0.103986778986779,0.117875667875668,"Gustatory"
"open",5.32737931034483,0.951692065372273,0.0901324266284896,0.639734764070661,-0.00974049372475915,0.0379308468663227,0.0476713405910818,0.0668434537993094,"Visual"
"orange",5.59141095890411,0.878637131507834,0.354780521262003,0.620530353148898,-0.00479090260424345,0.0297301531511357,0.0345210557553791,0.0485320790308385,"Visual"
"oval",5.60556756756757,0.835400833244312,0.309716577540107,0.562866924754817,-0.0147594991088184,0.0220265595912263,0.0367860587000447,0.0408783658135128,"Visual"
"painful",5.00216939078752,1.15360719695412,-0.0412801251956181,0.654378151527024,-0.0350129039173093,0.0440292169671975,0.0790421208845067,0.0994238455041889,"Haptic"
"palatable",5.72176470588235,0.975338842975207,-0.117984375,0.461166967741414,0.00119296885883868,0.0449775374482595,0.0437845685894208,0.0664259409626438,"Gustatory"
"pale",5.59328063241107,0.986369368512099,0.292592741935484,0.559286753746576,-0.0113632148521958,0.0349701942786796,0.0463334091308754,0.0617025956950766,"Visual"
"patterned",5.68681034482759,0.771969042338335,0.336043859649123,0.573558416978543,-0.0029147114367735,0.0250135517082731,0.0279282631450466,0.0407341126856987,"Visual"
"peachy",6.2495652173913,1.18571828961552,0.63812,0.711728165678287,-0.000460020306029033,0.0533861228686434,0.0538461431746724,0.075709189899986,"Gustatory"
"peppery",5.61348837209302,1.08824656343748,0.64148,0.880566909420089,-0.0209369402516353,0.0289070804058649,0.0498440206575003,0.0589498477804503,"Gustatory"
"perfumed",5.93666666666667,1.21706626422326,0.560642857142857,0.646564321475417,-0.0286193969717979,0.0325057787998782,0.0611251757716761,0.0684334879450006,"Olfactory"
"petite",5.98804597701149,1.12025581424164,0.35459793814433,0.654620985035177,-0.0125114491575244,0.0307724097257792,0.0432838588833036,0.0601195425613957,"Visual"
"pink",5.61378752886836,0.924535048243252,0.346882151029748,0.622891435063614,-0.00996696310845941,0.0252238565979864,0.0351908197064458,0.0458867080888649,"Visual"
"plain",5.49951672862454,1.15646521966213,0.0698400735294118,0.699625297865502,-0.023244263971884,0.0413910760592264,0.0646353400311104,0.0820104189333672,"Visual"
"polished",5.67347540983607,0.895167319144926,0.154309764309764,0.668340137069986,0.00181684057859915,0.0359021040922105,0.0340852635136113,0.0526920769013051,"Visual"
"popping",5.0285,0.6495,0.234,0.570844584720128,-0.0276951585086588,0.0289276227079094,0.0566227812165682,0.064856509930726,"Auditory"
"portly",5.63193548387097,0.881438781542313,-0.0344677419354839,0.49237147429766,-0.00142879201821994,0.0360701098259679,0.0374989018441879,0.0546441351522157,"Visual"
"prickly",5.7393006993007,1.11266769522249,0.201934782608696,0.505675050958513,-0.00408992879047887,0.0501787561299172,0.0542686849203961,0.0778576239410704,"Haptic"
"puffy",5.876375,1.04918215055695,0.359865853658537,0.523310240126455,-0.013779235096509,0.0445023068096121,0.058281541906121,0.0790019664465572,"Visual"
"pulsing",5.612375,1.0468938825009,0.239727272727273,0.510068402011261,-0.0293812087988701,0.0407577064379982,0.0701389152368683,0.0825397615948888,"Haptic"
"pungent",5.65748091603053,1.06457976866087,0.345969230769231,0.791636567345529,-0.0280504202371448,0.0355724129623382,0.063622833199483,0.0821187667329673,"Olfactory"
"puny",5.68337078651685,1.07662016173639,0.0123763440860215,0.58601092154008,-0.0199714528075479,0.0303046956385119,0.0502761484460598,0.0593467663361174,"Visual"
"purple",5.50717770034843,0.894631129017517,0.326351629502573,0.639890329552929,-0.00826713642153121,0.0281846889092187,0.0364518253307499,0.0499299069117449,"Visual"
"purring",5.85055555555556,1.12440136543299,0.185722222222222,0.515612855914164,-0.0415655273779302,0.02288620607558,0.0644517334535102,0.0661309511518441,"Auditory"
"putrid",5.17508196721311,1.32402258442652,-0.0315762711864407,0.739303753963773,-0.0226008512199341,0.0391672839584888,0.0617681351784229,0.0763738249483168,"Olfactory"
"quiet",5.60946013289037,1.1525303288953,0.136330464716007,0.669146767575603,-0.0114425073756647,0.0549589150420623,0.066401422417727,0.0960099054284797,"Auditory"
"radiant",6.14597087378641,1.30921152001228,0.417542288557214,0.625538353972714,-0.000451378616932198,0.0547205906156821,0.0551719692326143,0.084002295926868,"Visual"
"rancid",5.12964912280702,1.25479072816789,0.0640185185185185,0.76654110824416,-0.0423688257344256,0.0303919127001196,0.0727607384345451,0.0792253701402639,"Olfactory"
"raspy",5.28238095238095,1.06450534709033,0.12175,0.502524154838861,-0.0231012199552841,0.031448469988089,0.0545496899433731,0.0706856524108573,"Auditory"
"raucous",5.646625,1.1634707959037,0.173163522012579,0.656211201379978,0.00178067549204046,0.0566252364752514,0.0548445609832109,0.0836487079565068,"Auditory"
"rectangular",5.426,0.709204217093142,0.173286995515695,0.473801093418504,-0.00631116604885293,0.0238839387457445,0.0301951047945974,0.0410190670245129,"Visual"
"red",5.41463741620963,0.886150279522031,0.235629563135847,0.642456414641004,-0.0145499562285006,0.0258527236414449,0.0404026798699455,0.0516685419196292,"Visual"
"reddish",5.48795081967213,0.877193882059106,0.230172131147541,0.554633979270528,-0.0186188945850436,0.0280799637327541,0.0466988583177977,0.0563262200125023,"Visual"
"reeking",4.63047619047619,1.29007337063464,-0.255,0.776364288624349,-0.0446748888793501,0.0168616408511504,0.0615365297305006,0.0641170157855629,"Olfactory"
"resounding",5.3191452991453,1.10708067602139,-0.0534234234234234,0.512518985759578,-0.0231479047841131,0.0509976958674107,0.0741456006515237,0.0986328541896836,"Auditory"
"reverberating",5.21157894736842,0.996639635380222,0.190944444444444,0.660057300358608,0.0113097867342317,0.0469639518596931,0.0356541651254614,0.0663913717539408,"Auditory"
"rhythmic",5.62127516778524,0.972054313461163,0.105539473684211,0.598217415195279,-0.00499582922846678,0.0425304624033746,0.0475262916318414,0.0716779428401714,"Auditory"
"ripe",5.77967479674797,1.19049984078713,0.360181818181818,0.80877700997113,-0.0044683633314812,0.0408184496369758,0.045286812968457,0.0645489765732469,"Gustatory"
"rippled",5.63675675675676,0.706797855706947,0.303235294117647,0.480770248197932,-0.00508484774800786,0.0223414621269591,0.0274263098749669,0.03565546350054,"Visual"
"rippling",5.55318681318681,0.999720682479576,0.272690476190476,0.599385812903742,-0.0250830955524426,0.0298618561945964,0.0549449517470389,0.0646995054166227,"Visual"
"roasted",5.8981981981982,1.00064396771907,0.595906779661017,0.769676145435371,-0.00753074990838385,0.0191326334762222,0.026663383384606,0.0316767640068393,"Gustatory"
"roasting",5.4925,0.788801417949639,0.350222222222222,0.521932323537119,-0.00682331137027093,0.0240725027597664,0.0308958141300373,0.0383666048789799,"Visual"
"rotten",5.58367491166078,1.15185884261969,0.0804946996466431,0.662255249287675,-0.0106670725031427,0.0349588187693761,0.0456258912725189,0.05888354431648,"Visual"
"rotund",5.67324324324324,0.906402928980004,0.0538484848484849,0.439544978690077,0.00628590174930303,0.0422398097159261,0.0359539079666231,0.0642605251253216,"Visual"
"rough",5.51285322359396,0.901873678472127,0.125721991701245,0.546612152179772,-0.00786513719572706,0.0346752856218345,0.0425404228175615,0.0594401508702243,"Haptic"
"round",5.52302605210421,0.835260955255823,0.227340770791075,0.509112877969341,-0.014080580160651,0.0254201394305457,0.0395007195911968,0.0477957034870822,"Visual"
"rubbery",5.53270588235294,0.883447663334108,0.201414634146341,0.500146724468963,-0.0169552420253161,0.0306842258695682,0.0476394678948842,0.0573157973495559,"Haptic"
"rumbling",5.14454545454545,1.04967811060661,0.25740350877193,0.475266188342144,-0.0297175559585521,0.0293533685405901,0.0590709244991422,0.0647282517961236,"Auditory"
"rustling",5.90944444444444,1.33619615123568,0.742411764705882,0.68371973814189,-0.0569392945844568,0.0213625217907139,0.0783018163751707,0.0903388534122078,"Auditory"
"rusty",5.32266393442623,0.722808801093289,0.19217094017094,0.507610192997324,-0.0108387918673817,0.0237126836024645,0.0345514754698462,0.042968655116956,"Visual"
"salty",5.69398876404494,1.1252070677912,0.366546961325967,0.661932774978211,-0.0160585676600603,0.0307457976207774,0.0468043652808377,0.0581201756000259,"Gustatory"
"savory",5.915,1.11293142204132,0.554269230769231,0.767600038511988,-0.00688937738016223,0.0318822999731246,0.0387716773532868,0.0523330519251338,"Gustatory"
"scaly",5.41145454545455,0.898769019697514,0.0643584905660377,0.636096413633817,-0.010127740706875,0.0346695947399809,0.0447973354468559,0.0588574430454783,"Haptic"
"scented",5.82833333333333,1.14261856851975,0.429034482758621,0.719776793326627,-0.00475872498392407,0.0376043287491372,0.0423630537330613,0.0613733840212946,"Olfactory"
"scentless",5.755,0.691153072224219,0.2435,0.7045,-0.0546875,0,0.0546875,0.0546875,"Olfactory"
"scratchy",5.72263888888889,0.909796492593924,0.266861111111111,0.579059917563188,-0.0248820399123588,0.0201601590641136,0.0450421989764725,0.0491933698028459,"Haptic"
"scrawny",5.61693333333333,1.00730218229728,0.0185,0.428858169065258,-0.0326686866559074,0.0341770160602783,0.0668457027161858,0.077518238271547,"Visual"
"screaming",5.28248447204969,1.21198739016612,0.054046357615894,0.501251759624023,-0.025388178413471,0.0367869394049378,0.0621751178184088,0.0762192010271541,"Auditory"
"screeching",5.50354838709677,1.15816359695386,0.0828965517241379,0.375656796885601,-0.0568911367817114,0.0248758197878239,0.0817669565695353,0.0860684951897259,"Auditory"
"searing",5.21563953488372,1.17758032991,0.0570588235294118,0.678516538595708,-0.0311511045686204,0.0436784073902582,0.0748295119588787,0.0926115939318704,"Visual"
"shadowy",5.46647727272727,0.90498508531234,0.14046963562753,0.536082942510331,-0.0158520688391407,0.0300736381213385,0.0459257069604792,0.0594248083302484,"Visual"
"shaggy",5.62069306930693,0.872337750771125,0.123040816326531,0.467633934957345,-0.0123851608531996,0.0283042668094182,0.0406894276626178,0.0556176691098356,"Visual"
"shallow",5.51598522167488,0.868690464094989,0.117414392059553,0.619009821084059,-0.00243615517464952,0.0391326639164183,0.0415688190910678,0.0603441642947809,"Visual"
"sharp",5.20247924080664,0.992634240510403,0.00645454545454546,0.609432200935222,-0.0231247920955924,0.0360559695985409,0.0591807616941333,0.0760181028040114,"Haptic"
"sheer",5.29971036585366,1.31959289742601,-0.0113084415584415,0.801039572853019,-0.025571350156145,0.0865382959494916,0.112109646105637,0.1561740619728,"Visual"
"shimmering",5.89168674698795,0.961673845940716,0.436939759036145,0.612272060474899,-0.00671998340255317,0.0363884297270478,0.043108413129601,0.0591843579799615,"Visual"
"shiny",5.41397905759162,0.765299716114856,0.233790760869565,0.528342746283636,-0.0104965638283742,0.0269566754821297,0.0374532393105039,0.0488402491555521,"Visual"
"short",5.43343692870201,0.843992131648078,0.113323800738007,0.550142679466893,-0.00765640080432491,0.0290843304246549,0.0367407312289798,0.0513649530033426,"Visual"
"shrieking",5.24037735849057,1.14245264035688,0.0671372549019608,0.508392464769166,-0.0238744757216601,0.031182813232848,0.0550572889545081,0.0626286708658579,"Auditory"
"shrill",5.08735294117647,1.12306942712407,-0.0428453608247423,0.625938953774612,-0.0317271353620291,0.050220608420514,0.0819477437825431,0.101037151399695,"Auditory"
"silent",5.33120167189133,1.14295693700858,0.0853997844827586,0.614644774221512,-0.0245861358016228,0.0493497780052393,0.0739359138068622,0.0968714124272579,"Auditory"
"silky",5.7401948051948,0.893441035787784,0.479698717948718,0.637077156493675,-0.0125213299685098,0.0357373707702677,0.0482587007387775,0.0666899983312844,"Haptic"
"silver",5.78493150684931,0.927533833106089,0.314506849315069,0.518128665488861,-0.0100088181087677,0.0218072340036522,0.0318160521124199,0.0415441017798912,"Visual"
"skinny",5.53389090909091,0.945719894162611,0.141282527881041,0.537469977647367,-0.0165609091347258,0.0260707037120588,0.0426316128467846,0.0514848645440014,"Visual"
"slick",5.50464406779661,0.871806749209791,0.158537162162162,0.547499592502495,-0.0109339130875922,0.0321222929787671,0.0430562060663592,0.0563415028042708,"Visual"
"slimy",5.19446280991736,0.995778632369492,0.0978260869565217,0.534714272426498,-0.0213908078807468,0.035358548900203,0.0567493567809498,0.0729432702518577,"Haptic"
"slippery",5.44683636363636,0.802833287818901,0.134652985074627,0.616811342128244,-0.013738123388493,0.0338127991800546,0.0475509225685477,0.063114339900203,"Haptic"
"slushy",5.30931034482759,0.923288884483378,0.241576923076923,0.477427908685377,-0.0303271146616865,0.0373886082557509,0.0677157229174374,0.0812310743670862,"Visual"
"small",5.31427712654043,0.931466118143337,0.13746797096876,0.669430168120812,-0.0120379055651878,0.0302392921645235,0.0422771977297112,0.0571682247861634,"Visual"
"smelly",5.17633802816901,0.971852545383693,0.100293233082707,0.523363617851368,-0.0155664047893984,0.0255178747886558,0.0410842795780541,0.0490156547362387,"Olfactory"
"smoky",5.53882352941176,1.02339333347424,0.366246753246753,0.737585864823963,-0.014120057266609,0.0409779438906272,0.0550980011572362,0.0735779445272945,"Olfactory"
"smooth",5.54055800293686,0.844622963102495,0.255969343065693,0.607529146579144,-0.0114033416031708,0.030647516230391,0.0420508578335618,0.0568992570930847,"Haptic"
"snarling",5.1631884057971,1.08368988735959,-0.100161764705882,0.565746766982579,-0.0325833525689855,0.0421899839239456,0.0747733364929311,0.0908860904414208,"Auditory"
"snorting",5.395,1.55538435740807,-0.0128181818181818,0.347546882111589,0.0168236863549364,0.0742625254344004,0.0574388390794641,0.107503097737473,"Auditory"
"soapy",5.91644444444444,1.19707642432227,0.355914893617021,0.61621777762579,-0.0149670535833682,0.0310143240134084,0.0459813775967766,0.0580359766461214,"Visual"
"sodden",5.40931034482759,0.894654825479822,0.126973214285714,0.477117753917229,-0.0300696991494298,0.0229586628279249,0.0530283619773547,0.0563883608969034,"Visual"
"soft",5.45447392497713,0.931899914491954,0.150204895738894,0.618303033147352,-0.0135116552560266,0.0343798020197512,0.0478914572757778,0.0648716720939843,"Haptic"
"soggy",5.44441988950276,0.95243066129599,0.186431034482759,0.553433561438904,-0.0150846992440502,0.0270674963378976,0.0421521955819478,0.0524586906981215,"Haptic"
"solid",5.52776327241079,0.878413682850653,0.0616604938271605,0.549814071457032,-0.00270017839905406,0.0351859832529735,0.0378861616520275,0.056730853224244,"Haptic"
"sonorous",5.87487804878049,0.965215287941597,0.131911111111111,0.602532984372723,0.00490953749550397,0.0465917715578569,0.041682234062353,0.0664555307031973,"Auditory"
"sore",5.0561320754717,0.855290144339962,-0.166278846153846,0.614837746402113,-0.0425204264724334,0.0463152503228188,0.0888356767952522,0.10472596254502,"Haptic"
"soundless",5.22979591836735,1.00739379761966,0.0434318181818182,0.661751427566134,-0.0176867106058554,0.0287795648447892,0.0464662754506446,0.0579585792761199,"Auditory"
"sour",5.49109243697479,1.20917878958986,0.140840163934426,0.693063406134526,-0.0214617906381591,0.0424642750686554,0.0639260657068146,0.0792326730844463,"Gustatory"
"sparkly",5.7388679245283,0.877604743083004,0.201641509433962,0.493681319294195,0.0117886464465215,0.0459427537140442,0.0341541072675227,0.056254766664624,"Visual"
"speckled",5.5891935483871,0.867456226165776,0.334540983606557,0.519923953675933,-0.0162697019949986,0.0260917115870646,0.0423614135820632,0.0531035413899416,"Visual"
"spicy",5.84322580645161,1.03760084074199,0.680765853658537,0.838365366295241,-0.00886780435657992,0.0323809674723889,0.0412487718289688,0.0561855702824599,"Gustatory"
"spiky",5.70736842105263,0.977206056823698,0.350950819672131,0.623020769751919,-0.0166924353610806,0.0365112725352734,0.053203707896354,0.0618555045706951,"Haptic"
"spilling",5.7,0.984065602381808,0.388857142857143,0.475149587097489,-0.0188047428313871,0.0351722897501905,0.0539770325815776,0.0557627468672919,"Visual"
"spotless",5.9184,0.971784089112469,0.386662162162162,0.573155439233503,0.00332546332493037,0.0298540050637435,0.0265285417388131,0.0446995743075087,"Visual"
"spotted",5.40504424778761,1.03349187704107,0.159948275862069,0.530570589989049,-0.0174622739043585,0.0228943910419708,0.0403566649463293,0.0469793875767875,"Visual"
"square",5.54826086956522,0.838554081804469,0.203340579710145,0.499822406046818,-0.00564358666108575,0.0260133315885544,0.0316569182496402,0.0426728382281016,"Visual"
"squeaking",5.32,0.710180676798208,0.3355,0.572130888710303,-0.0217507638252229,0.0183282405634279,0.0400790043886508,0.0435326908483171,"Auditory"
"squealing",5.37214285714286,1.16543950515887,0.10156,0.308041884387297,-0.0239380154328914,0.0299784661759856,0.053916481608877,0.0588990025777909,"Auditory"
"stagnant",5.37103448275862,0.950353393551158,0.120012195121951,0.594745434461217,-0.0157712808708282,0.0302023513397856,0.0459736322106138,0.0567506463512672,"Visual"
"stale",5.51895953757225,1.18104465385422,0.208488505747126,0.656731870523014,-0.00489254808873943,0.0378914458091937,0.0427839938979331,0.0594009081195776,"Gustatory"
"steep",5.22891304347826,0.811227243043947,0.168665198237885,0.595416103055492,-0.0148953018641558,0.0263353732806631,0.0412306751448189,0.0516040481594184,"Visual"
"stenchy",5.62,0.556153072224219,5,4.93601570322747,0,0,0,0,"Olfactory"
"sticky",5.337,0.882716138160259,0.106022508038585,0.60630019670171,-0.0186543137803381,0.0330373612011365,0.0516916749814745,0.0641755966553879,"Haptic"
"stinging",4.84736842105263,1.15681176125726,0.0618533333333333,0.670052705204234,-0.0319759227735388,0.0474104477555411,0.07938637052908,0.0952554334455001,"Haptic"
"stinky",5.48586206896552,1.09087509137993,0.0926551724137931,0.603621231145775,-0.0153667450295325,0.0266615806962845,0.042028325725817,0.0493102274043943,"Olfactory"
"stormy",5.50105263157895,1.27273935107262,0.173115044247788,0.524603576477497,-0.0183458658980407,0.0338168162582878,0.0521626821563285,0.0684488449085619,"Visual"
"straight",5.43860735009671,0.919301883291134,-0.04722030651341,0.578728982573134,-0.00105383108238137,0.0336417828180555,0.0346956139004369,0.052224007972747,"Visual"
"strange",5.48089529590288,1.07785775113045,0.0746879432624113,0.612033558728113,-0.0159259525087939,0.0479440981247974,0.0638700506335913,0.0879264153017561,"Visual"
"striped",5.57926701570681,0.807011278273286,0.350292307692308,0.623508925922926,-0.00904607626333531,0.0183326560504744,0.0273787323138098,0.0347225426464335,"Visual"
"strong",5.43048623315759,0.952014954381369,0.00591062801932368,0.640922269113246,-0.0111705768862728,0.0429840955780018,0.0541546724642746,0.0759682500020926,"Visual"
"sturdy",5.64405994550409,0.819068987360982,0.160066852367688,0.493155434163235,-0.00181647938700274,0.0334668398108211,0.0352833191978238,0.0537238009846912,"Haptic"
"sunny",5.9313201320132,1.06946383808341,0.366020134228188,0.571214587920157,0.0029284608695852,0.0456077523957523,0.0426792915261671,0.0661114995600506,"Visual"
"sweaty",5.45320388349515,1.09066435954774,0.115298507462687,0.52775754703914,-0.0195026029439977,0.0450211399827384,0.0645237429267361,0.0832540091841262,"Olfactory"
"sweet",5.6814526710403,1.17026275812344,0.237406451612903,0.647960889062338,-0.0136385106395583,0.0486800724025349,0.0623185830420933,0.0865240386502019,"Gustatory"
"swift",5.24894428152493,1.05905239920211,0.0123491124260355,0.605774776254971,-0.0180180411864751,0.0348969015805947,0.0529149427670698,0.0652153942455988,"Visual"
"swinging",5.46386861313869,0.820224270925405,0.223940740740741,0.442790186953937,-0.013124204799442,0.029656730986356,0.042780935785798,0.052830115539287,"Visual"
"tall",5.54241516966068,0.851954198681329,0.165066797642436,0.553049465112103,-0.0103971796614747,0.0242933689754052,0.0346905486368799,0.0448797072494842,"Visual"
"tangerine",5.9025641025641,1.11670565797839,0.577333333333333,0.687245572965464,0.0065128191712732,0.0458220834681094,0.0393092642968362,0.0641342071659591,"Visual"
"tangy",5.876625,1.07847067014014,0.563788235294118,0.830056111272309,-0.00930665566894873,0.0396388112136544,0.0489454668826031,0.0673879372012279,"Gustatory"
"tapering",5.4851724137931,0.608965170307408,0.124241379310345,0.419897093214741,-0.00410243199575262,0.0337018021463009,0.0378042341420536,0.0528738380085316,"Visual"
"tart",5.99033707865169,1.20994761129975,0.428849462365591,0.709952146375932,-0.0251928793413713,0.040062728310056,0.0652556076514272,0.0759700920640952,"Gustatory"
"tasteless",5.66106060606061,1.08900897222313,0.0152424242424243,0.750545454545455,-0.0168993070999838,0.0316446342938726,0.0485439413938564,0.0626270225716997,"Gustatory"
"tasty",5.89433673469388,1.11701291734804,0.481465346534653,0.71510553995598,-0.00487379923136564,0.0334216629548876,0.0382954621862532,0.0550046099969599,"Gustatory"
"tender",5.71224343675418,1.13440755970661,0.289879012345679,0.682746505615643,-0.0156302881966585,0.0540333021853174,0.0696635903819759,0.0967384420672039,"Haptic"
"tepid",5.94070707070707,1.26717904158364,0.355432989690722,0.741623899036151,-0.0273485917799793,0.0366856769970175,0.0640342687769968,0.0794592590526058,"Haptic"
"thorny",5.45890243902439,0.984774519513072,0.0372098765432099,0.556272574273301,-0.0217543193999277,0.0426986678025189,0.0644529872024466,0.0814533488530538,"Haptic"
"thudding",4.88133333333333,1.36241020481495,0.253357142857143,0.542930814746782,-0.0723678156807091,0.0398768863346873,0.112244702015396,0.121307202015396,"Auditory"
"thumping",5.00241379310345,1.09209535728004,0.185733333333333,0.649404187527327,-0.0184632257466446,0.0349973141990822,0.0534605399457268,0.0662969159879852,"Auditory"
"thunderous",5.20392307692308,1.12360345504298,0.106540322580645,0.603171127783747,-0.0148997127747087,0.0446525572800373,0.059552270054746,0.0836680833672414,"Auditory"
"ticklish",5.36741935483871,0.822332131721396,-0.0604375,0.474496074193131,-0.0214669621161767,0.0420270410386705,0.0634940031548473,0.0796274600098088,"Haptic"
"tight",5.3787037037037,0.75882592991842,0.0553155893536122,0.53130543637938,-0.0113782373325318,0.0266039589046849,0.0379821962372166,0.0492282963163356,"Haptic"
"tinkling",6.29296296296296,1.51561187633915,0.549466666666667,0.600540661506155,-0.015830435877101,0.0213476081384801,0.0371780440155811,0.043032603549595,"Auditory"
"tiny",5.37049416990561,0.901232816519269,0.204778036025567,0.60715512953115,-0.0111325435758929,0.0279162828565278,0.0390488264324207,0.052107158757463,"Visual"
"tough",5.35504587155963,0.932766152294237,-0.0235016987542469,0.545038517210271,-0.00897605633176841,0.0346398777516102,0.0436159340833786,0.059867725144687,"Haptic"
"translucent",5.59775510204082,0.904458043368264,0.322663101604278,0.583639638641024,-0.0109894018091748,0.0305872343679952,0.04157663617717,0.055664461597627,"Visual"
"transparent",5.49226506024096,0.862375933053089,0.064519801980198,0.56479718518047,-0.00552159943338778,0.0340203514511698,0.0395419508845576,0.0553700422171501,"Visual"
"triangular",5.47355450236967,0.739806417773449,0.136162436548223,0.456692348125314,-0.00202014752514577,0.0319272939801354,0.0339474415052811,0.0483207401827889,"Visual"
"ugly",5.14650997150997,1.08231740430555,-0.0154491899852725,0.565952247441617,-0.0307405162559388,0.0332295461805706,0.0639700624365094,0.0762685130398221,"Visual"
"uneven",5.6368115942029,0.872340733334375,0.100157894736842,0.534096665308637,-0.00129291345643372,0.0357141210879906,0.0370070345444243,0.0543909890368455,"Visual"
"unpalatable",5.53518518518518,1.11823318827271,-0.113962962962963,0.444034129031949,0.0101767787130453,0.0510305307475208,0.0408537520344755,0.0662183392182816,"Gustatory"
"unripe",6.737,1.67315307222422,0.767166666666667,1.07484118494707,0.00452703202031701,0.0381927408203261,0.0336657088000091,0.0532588783864637,"Visual"
"vegetal",5.91565217391304,0.99575200362449,0.74604347826087,0.867964031978358,0.0183309982794509,0.0640837679275877,0.0457527696481368,0.0914644410177029,"Visual"
"vinegary",6.24809523809524,1.53904713994833,0.434545454545455,0.680369346628173,0.0355601217060932,0.0877568226590484,0.0521967009529551,0.109334961490338,"Gustatory"
"vivid",5.82314189189189,1.06644698750134,0.056786941580756,0.596107230728375,-0.0094237956049315,0.0473339546034591,0.0567577502083906,0.0803669683761392,"Visual"
"wailing",5.54804347826087,1.30035093502476,0.0747111111111111,0.563155206594945,-0.00780691168588548,0.0482897437068083,0.0560966553926938,0.0792982223866545,"Auditory"
"warbling",5.17,0.893286642929474,0.348083333333333,0.557585950537912,-0.105849255393031,0.0154922670204007,0.121341522413432,0.121554107447446,"Auditory"
"warm",5.77484439834025,1.0619027073086,0.375366700715015,0.675182276833436,-0.00667353885606526,0.0377483019216345,0.0444218407776997,0.0625494145586011,"Haptic"
"waxy",5.73527027027027,0.987639830631926,0.389679487179487,0.567326552523388,-0.00781989503766878,0.0411993880359271,0.0490192830735959,0.0707754453106837,"Haptic"
"weak",5.45375917767988,0.930084438612237,-0.0451407624633431,0.630720118210061,-0.0108397673924668,0.036903386787305,0.0477431541797719,0.0659240767393696,"Visual"
"weightless",5.756875,1.0748794690981,0.471691176470588,0.780638818976019,-0.0111777773187816,0.0427440546754793,0.0539218319942609,0.0689713694098205,"Haptic"
"wet",5.41512289780078,0.894773335986044,0.199112113402062,0.566535373329235,-0.0160993831217127,0.0270510033248609,0.0431503864465736,0.0542421343426539,"Haptic"
"whimpering",4.9045,1.5575,-0.352045454545455,0.61503688914865,-0.0825678853748806,0.0307843282240802,0.113352213598961,0.12347905235619,"Auditory"
"whining",5.2909756097561,1.00945570230406,-0.0560975609756097,0.616146724468963,-0.0263544125466762,0.0445062702299995,0.0708606827766757,0.0918166433916305,"Auditory"
"whispering",5.8955,1.11519184333453,0.0331219512195122,0.635998850983356,-0.0212121777815366,0.0424620011147639,0.0636741788963004,0.0814479531396729,"Auditory"
"whistling",5.82714285714286,1.08637318412813,0.235384615384615,0.588152638213271,-0.0053077679158506,0.0331246620745422,0.0384324299903928,0.0539086204665832,"Auditory"
"white",5.35369376479874,0.938191722718353,0.131610347615198,0.656168893128788,-0.0105268860801706,0.0301131529184312,0.0406400389986019,0.0556192103989779,"Visual"
"wide",5.45041567695962,0.824700038322254,0.096359509202454,0.588883460993602,-0.00657343462483703,0.032134615672065,0.038708050296902,0.0544862342860815,"Visual"
"wiry",5.66533333333333,0.832443997285104,0.0782424242424243,0.54248691052482,-0.0213199742415837,0.0247075448288291,0.0460275190704128,0.0540047096291504,"Visual"
"wispy",5.67872093023256,0.981546992119931,0.135094117647059,0.628858638785559,-0.00379463947712895,0.0344079715139683,0.0382026109910972,0.0565716522562673,"Visual"
"wizened",5.73333333333333,1.13324739889009,0.0996279069767442,0.568882625356223,-0.019306896763966,0.0278982696887299,0.0472051664526959,0.0608889776331711,"Visual"
"woolly",5.50377049180328,0.857805458197605,0.267328358208955,0.48598765276869,-0.0083884557433259,0.0320203889419943,0.0404088446853202,0.0517213278841045,"Haptic"
"yellow",5.45160437556974,0.891756231921181,0.252861261261261,0.639369330822814,-0.0136553462513183,0.024477824372331,0.0381331706236492,0.048153493236605,"Visual"
